{
  "UUEE": {"name": "Шереметьево", "city": "Москва", "country": "Россия"},
  "UUWW": {"name": "Внуково", "city": "Москва", "country": "Россия"},
  "UUDD": {"name": "Домодедово", "city": "Москва", "country": "Россия"},
  "UUOB": {"name": "Толмачёво", "city": "Новосибирск", "country": "Россия"},
  "UNEE": {"name": "Кольцово", "city": "Екатеринбург", "country": "Россия"},
  "UNII": {"name": "Иркутск", "city": "Иркутск", "country": "Россия"},
  "UHWW": {"name": "Шереметьево-2", "city": "Москва", "country": "Россия"},
  "USKK": {"name": "Сочи", "city": "Сочи", "country": "Россия"},
  "UUDD": {"name": "Домодедово", "city": "Москва", "country": "Россия"},
  "UVVV": {"name": "Вологда", "city": "Вологда", "country": "Россия"},
  "UWGG": {"name": "Волгоград", "city": "Волгоград", "country": "Россия"},
  "URJC": {"name": "Центральный", "city": "Екатеринбург", "country": "Россия"},
  "UYYY": {"name": "Якутск", "city": "Якутск", "country": "Россия"},
  "UUWW": {"name": "Внуково", "city": "Москва", "country": "Россия"},
  "UWSS": {"name": "Самара", "city": "Самара", "country": "Россия"},
  "UNNT": {"name": "Казань", "city": "Казань", "country": "Россия"},
  "UUDD": {"name": "Домодедово", "city": "Москва", "country": "Россия"},
  "UUOB": {"name": "Толмачёво", "city": "Новосибирск", "country": "Россия"},
  "UNVV": {"name": "Владивосток", "city": "Владивосток", "country": "Россия"},
  "UHWH": {"name": "Сочи", "city": "Сочи", "country": "Россия"},
  "UTUU": {"name": "Курумоч", "city": "Самара", "country": "Россия"},
  "UNGG": {"name": "Минеральные Воды", "city": "Минеральные Воды", "country": "Россия"},
  "ULWW": {"name": "Краснодар", "city": "Краснодар", "country": "Россия"},
  "UNWW": {"name": "Кольцово", "city": "Екатеринбург", "country": "Россия"},
  "UNOO": {"name": "Оренбург", "city": "Оренбург", "country": "Россия"},
  "UNPP": {"name": "Пермь", "city": "Пермь", "country": "Россия"},
  "UNNR": {"name": "Ростов-на-Дону", "city": "Ростов-на-Дону", "country": "Россия"},
  "UNSS": {"name": "Сыктывкар", "city": "Сыктывкар", "country": "Россия"},
  "UNTW": {"name": "Тюмень", "city": "Тюмень", "country": "Россия"},
  "UNUQ": {"name": "Ухта", "city": "Ухта", "country": "Россия"},
  "UNWW": {"name": "Кольцово", "city": "Екатеринбург", "country": "Россия"},
  "UNVV": {"name": "Владивосток", "city": "Владивосток", "country": "Россия"},
  "UWYY": {"name": "Волгоград", "city": "Волгоград", "country": "Россия"},
  "UUYY": {"name": "Якутск", "city": "Якутск", "country": "Россия"},
  "UOZZ": {"name": "Челябинск", "city": "Челябинск", "country": "Россия"},
  "UMKK": {"name": "Минск Национальный", "city": "Минск", "country": "Беларусь"},
  "UMMS": {"name": "Минск-2", "city": "Минск", "country": "Беларусь"},
  "UMGG": {"name": "Гомель", "city": "Гомель", "country": "Беларусь"},
  "UMOO": {"name": "Могилёв", "city": "Могилёв", "country": "Беларусь"},
  "UMVV": {"name": "Витебск", "city": "Витебск", "country": "Беларусь"},
  "UMBB": {"name": "Брест", "city": "Брест", "country": "Беларусь"},
  "UMGG": {"name": "Гродно", "city": "Гродно", "country": "Беларусь"},
  "EYVI": {"name": "Вильнюс", "city": "Вильнюс", "country": "Литва"},
  "EYVL": {"name": "Каунас", "city": "Каунас", "country": "Литва"},
  "EYKC": {"name": "Паланга", "city": "Паланга", "country": "Литва"},
  "EPGD": {"name": "Гданьск", "city": "Гданьск", "country": "Польша"},
  "EPWA": {"name": "Шопен", "city": "Варшава", "country": "Польша"},
  "EPWU": {"name": "Модлин", "city": "Варшава", "country": "Польша"},
  "EPKK": {"name": "Балице", "city": "Краков", "country": "Польша"},
  "EPWR": {"name": "Вроцлав", "city": "Вроцлав", "country": "Польша"},
  "EPPO": {"name": "Пшеемысль", "city": "Пшеемысль", "country": "Польша"},
  "EPKT": {"name": "Катовице", "city": "Катовице", "country": "Польша"},
  "EPZT": {"name": "Щецин", "city": "Щецин", "country": "Польша"},
  "EPBY": {"name": "Быдгощ", "city": "Быдгощ", "country": "Польша"},
  "UKBB": {"name": "Борисполь", "city": "Киев", "country": "Украина"},
  "UKBK": {"name": "Киев Жуляны", "city": "Киев", "country": "Украина"},
  "UKKK": {"name": "Кировоград", "city": "Кировоград", "country": "Украина"},
  "UKOD": {"name": "Одесса", "city": "Одесса", "country": "Украина"},
  "UKHH": {"name": "Харьков", "city": "Харьков", "country": "Украина"},
  "UKDD": {"name": "Днепр", "city": "Днепр", "country": "Украина"},
  "UKLV": {"name": "Львов", "city": "Львов", "country": "Украина"},
  "UKHH": {"name": "Харьков", "city": "Харьков", "country": "Украина"},
  "EGLL": {"name": "London Heathrow", "city": "London", "country": "United Kingdom"},
  "EGKK": {"name": "Gatwick", "city": "London", "country": "United Kingdom"},
  "EGSS": {"name": "Stansted", "city": "London", "country": "United Kingdom"},
  "EGLC": {"name": "City Airport", "city": "London", "country": "United Kingdom"},
  "EGLL": {"name": "Heathrow", "city": "London", "country": "United Kingdom"},
  "EGPF": {"name": "Glasgow", "city": "Glasgow", "country": "United Kingdom"},
  "EGPH": {"name": "Edinburgh", "city": "Edinburgh", "country": "United Kingdom"},
  "EGNT": {"name": "Newcastle", "city": "Newcastle", "country": "United Kingdom"},
  "EGBB": {"name": "Birmingham", "city": "Birmingham", "country": "United Kingdom"},
  "EGCC": {"name": "Manchester", "city": "Manchester", "country": "United Kingdom"},
  "LFPG": {"name": "Paris Charles de Gaulle", "city": "Paris", "country": "France"},
  "LFPD": {"name": "Paris Orly", "city": "Paris", "country": "France"},
  "LFPB": {"name": "Paris Beauvais", "city": "Paris", "country": "France"},
  "LFLL": {"name": "Lyon", "city": "Lyon", "country": "France"},
  "LFML": {"name": "Marseille", "city": "Marseille", "country": "France"},
  "LFNC": {"name": "Nice", "city": "Nice", "country": "France"},
  "LFBT": {"name": "Toulouse", "city": "Toulouse", "country": "France"},
  "LFBD": {"name": "Bordeaux", "city": "Bordeaux", "country": "France"},
  "LFBO": {"name": "Toulouse Blagnac", "city": "Toulouse", "country": "France"},
  "EDDF": {"name": "Frankfurt", "city": "Frankfurt", "country": "Germany"},
  "EDDM": {"name": "Munich", "city": "Munich", "country": "Germany"},
  "EDDI": {"name": "Berlin Tegel", "city": "Berlin", "country": "Germany"},
  "EDDB": {"name": "Berlin Brandenburg", "city": "Berlin", "country": "Germany"},
  "EDDH": {"name": "Hamburg", "city": "Hamburg", "country": "Germany"},
  "EDDK": {"name": "Cologne", "city": "Cologne", "country": "Germany"},
  "EDDL": {"name": "Düsseldorf", "city": "Düsseldorf", "country": "Germany"},
  "EDDN": {"name": "Nuremberg", "city": "Nuremberg", "country": "Germany"},
  "EDDP": {"name": "Leipzig", "city": "Leipzig", "country": "Germany"},
  "EDDS": {"name": "Stuttgart", "city": "Stuttgart", "country": "Germany"},
  "EHAM": {"name": "Amsterdam", "city": "Amsterdam", "country": "Netherlands"},
  "EBBR": {"name": "Brussels", "city": "Brussels", "country": "Belgium"},
  "LEMD": {"name": "Madrid Barajas", "city": "Madrid", "country": "Spain"},
  "LEMM": {"name": "Madrid Torrejón", "city": "Madrid", "country": "Spain"},
  "LEMD": {"name": "Madrid", "city": "Madrid", "country": "Spain"},
  "LEBC": {"name": "Barcelona", "city": "Barcelona", "country": "Spain"},
  "LEZL": {"name": "Zaragoza", "city": "Zaragoza", "country": "Spain"},
  "LETL": {"name": "Toledo", "city": "Toledo", "country": "Spain"},
  "LEVT": {"name": "Valencia", "city": "Valencia", "country": "Spain"},
  "LIRF": {"name": "Rome Fiumicino", "city": "Rome", "country": "Italy"},
  "LIRN": {"name": "Rome Ciampino", "city": "Rome", "country": "Italy"},
  "LIML": {"name": "Milan Malpensa", "city": "Milan", "country": "Italy"},
  "LIMO": {"name": "Milan Linate", "city": "Milan", "country": "Italy"},
  "LIMJ": {"name": "Milan Orio al Serio", "city": "Milan", "country": "Italy"},
  "LIPZ": {"name": "Venice", "city": "Venice", "country": "Italy"},
  "LIBD": {"name": "Bologna", "city": "Bologna", "country": "Italy"},
  "LIFR": {"name": "Florence", "city": "Florence", "country": "Italy"},
  "LOWW": {"name": "Vienna", "city": "Vienna", "country": "Austria"},
  "LOWK": {"name": "Klagenfurt", "city": "Klagenfurt", "country": "Austria"},
  "LOWG": {"name": "Graz", "city": "Graz", "country": "Austria"},
  "LOWL": {"name": "Linz", "city": "Linz", "country": "Austria"},
  "LZIB": {"name": "Bratislava", "city": "Bratislava", "country": "Slovakia"},
  "LKPR": {"name": "Prague", "city": "Prague", "country": "Czech Republic"},
  "LKBO": {"name": "Brno", "city": "Brno", "country": "Czech Republic"},
  "EPWA": {"name": "Warsaw Chopin", "city": "Warsaw", "country": "Poland"},
  "UUWW": {"name": "Внуково", "city": "Moscow", "country": "Russia"},
  "RJTT": {"name": "Tokyo Haneda", "city": "Tokyo", "country": "Japan"},
  "RJAA": {"name": "Tokyo Narita", "city": "Tokyo", "country": "Japan"},
  "KSFO": {"name": "San Francisco", "city": "San Francisco", "country": "USA"},
  "KJFK": {"name": "JFK", "city": "New York", "country": "USA"},
  "KLAX": {"name": "LAX", "city": "Los Angeles", "country": "USA"},
  "KATL": {"name": "Hartsfield-Jackson", "city": "Atlanta", "country": "USA"},
  "KDFW": {"name": "Dallas Fort Worth", "city": "Dallas", "country": "USA"},
  "KORD": {"name": "Chicago O'Hare", "city": "Chicago", "country": "USA"},
  "CYYZ": {"name": "Toronto Pearson", "city": "Toronto", "country": "Canada"},
  "CYVR": {"name": "Vancouver", "city": "Vancouver", "country": "Canada"},
  "ZBAA": {"name": "Beijing Capital", "city": "Beijing", "country": "China"},
  "ZSPD": {"name": "Shanghai Pudong", "city": "Shanghai", "country": "China"},
  "LTAC": {"name": "Ankara Esenboğa", "city": "Ankara", "country": "Turkey"},
  "LTFJ": {"name": "Istanbul Atatürk", "city": "Istanbul", "country": "Turkey"},
  "LTAI": {"name": "Istanbul Sabiha Gökçen", "city": "Istanbul", "country": "Turkey"},
  "RCTP": {"name": "Taipei Taoyuan", "city": "Taipei", "country": "Taiwan"},
  "LGAV": {"name": "Athens", "city": "Athens", "country": "Greece"},
  "LGSM": {"name": "Thessaloniki", "city": "Thessaloniki", "country": "Greece"},
  "KSEA": {"name": "Seattle-Tacoma", "city": "Seattle", "country": "USA"},
  "KBOS": {"name": "Boston Logan", "city": "Boston", "country": "USA"},
  "KDCA": {"name": "Ronald Reagan", "city": "Washington DC", "country": "USA"},
  "KDEN": {"name": "Denver", "city": "Denver", "country": "USA"},
  "KMIA": {"name": "Miami", "city": "Miami", "country": "USA"},
  "KLAS": {"name": "Las Vegas", "city": "Las Vegas", "country": "USA"},
  "CYUL": {"name": "Montreal Trudeau", "city": "Montreal", "country": "Canada"},
  "UAKK": {"name": "Алматы", "city": "Алматы", "country": "Kazakhstan"},
  "UACC": {"name": "Нур-Султан Астана", "city": "Нур-Султан", "country": "Kazakhstan"},
  "UATT": {"name": "Атырау", "city": "Атырау", "country": "Kazakhstan"},
  "UADD": {"name": "Актау", "city": "Актау", "country": "Kazakhstan"},
  "UAKD": {"name": "Кульсары", "city": "Атырау", "country": "Kazakhstan"},
  "UAKL": {"name": "Жезказган", "city": "Жезказган", "country": "Kazakhstan"},
  "UAKM": {"name": "Актобе", "city": "Актобе", "country": "Kazakhstan"},
  "UARR": {"name": "Караганда", "city": "Караганда", "country": "Kazakhstan"},
  "UASL": {"name": "Семей", "city": "Семей", "country": "Kazakhstan"},
  "UASN": {"name": "Нур-Султан", "city": "Нур-Султан", "country": "Kazakhstan"},
  "UATE": {"name": "Теньге", "city": "Теньге", "country": "Kazakhstan"},
  "UAWW": {"name": "Уральск", "city": "Уральск", "country": "Kazakhstan"},
  "ZUCK": {"name": "Chongqing", "city": "Chongqing", "country": "China"},
  "ZUCC": {"name": "Chengdu", "city": "Chengdu", "country": "China"},
  "ZSSS": {"name": "Shanghai Hongqiao", "city": "Shanghai", "country": "China"},
  "ZGGG": {"name": "Guangzhou", "city": "Guangzhou", "country": "China"},
  "ZUNL": {"name": "Lanzhou", "city": "Lanzhou", "country": "China"},
  "ZSLS": {"name": "Lasa", "city": "Lasa", "country": "China"},
  "ZUCK": {"name": "Chongqing Jiangbei", "city": "Chongqing", "country": "China"},
  "UHWH": {"name": "Сочи", "city": "Сочи", "country": "Russia"},
  "URJC": {"name": "Нижневартовск", "city": "Нижневартовск", "country": "Russia"},
  "UUEE": {"name": "Sheremetyevo", "city": "Moscow", "country": "Russia"},
  "UUDD": {"name": "Domodedovo", "city": "Moscow", "country": "Russia"},
  "UUWW": {"name": "Vnukovo", "city": "Moscow", "country": "Russia"},
  "UHWW": {"name": "Sochi", "city": "Sochi", "country": "Russia"},
  "UHLL": {"name": "Лесное", "city": "Сочи", "country": "Russia"},
  "UNEE": {"name": "Ekaterinburg", "city": "Ekaterinburg", "country": "Russia"},
  "UNII": {"name": "Irkutsk", "city": "Irkutsk", "country": "Russia"},
  "UNVV": {"name": "Vladivostok", "city": "Vladivostok", "country": "Russia"},
  "UYYY": {"name": "Yakutsk", "city": "Yakutsk", "country": "Russia"},
  "UUOB": {"name": "Tolmachevo", "city": "Novosibirsk", "country": "Russia"},
  "LFMN": {"name": "Nice Côte d'Azur", "city": "Nice", "country": "France"},
  "EGSF": {"name": "Southampton", "city": "Southampton", "country": "UK"},
  "LPPT": {"name": "Humberto Delgado", "city": "Lisbon", "country": "Portugal"},
  "LPPR": {"name": "Porto", "city": "Porto", "country": "Portugal"},
  "LEIB": {"name": "Ibiza", "city": "Ibiza", "country": "Spain"},
  "LEMG": {"name": "Málaga", "city": "Málaga", "country": "Spain"},
  "LICC": {"name": "Catania", "city": "Catania", "country": "Italy"},
  "LICA": {"name": "Palermo", "city": "Palermo", "country": "Italy"},
  "LIMB": {"name": "Brescia", "city": "Brescia", "country": "Italy"},
  "LIME": {"name": "Emilia", "city": "Bologna", "country": "Italy"},
  "LIPE": {"name": "Perugia", "city": "Perugia", "country": "Italy"},
  "LIRA": {"name": "Rome", "city": "Rome", "country": "Italy"},
  "LIRJ": {"name": "Pescara", "city": "Pescara", "country": "Italy"},
  "LIRP": {"name": "Bari", "city": "Bari", "country": "Italy"},
  "LIRS": {"name": "Taranto", "city": "Taranto", "country": "Italy"},
  "LIRT": {"name": "Trieste", "city": "Trieste", "country": "Italy"},
  "LIVU": {"name": "Venice", "city": "Venice", "country": "Italy"},
  "LOWI": {"name": "Innsbruck", "city": "Innsbruck", "country": "Austria"},
  "LOWS": {"name": "Salzburg", "city": "Salzburg", "country": "Austria"},
  "LOWZ": {"name": "Zell am See", "city": "Zell am See", "country": "Austria"},
  "LZMC": {"name": "Michalovce", "city": "Michalovce", "country": "Slovakia"},
  "LZSL": {"name": "Sliač", "city": "Zvolen", "country": "Slovakia"},
  "LZTZ": {"name": "Tatry", "city": "Tatry", "country": "Slovakia"},
  "LKBE": {"name": "Benešov", "city": "Benešov", "country": "Czech Republic"},
  "LKKB": {"name": "Kolín", "city": "Kolín", "country": "Czech Republic"},
  "LKKV": {"name": "Kbely", "city": "Prague", "country": "Czech Republic"},
  "LKLN": {"name": "Lnáře", "city": "Pilsen", "country": "Czech Republic"},
  "LKPO": {"name": "Pardubice", "city": "Pardubice", "country": "Czech Republic"},
  "LKPE": {"name": "Plzeň", "city": "Plzeň", "country": "Czech Republic"},
  "WMKK": {"name": "Kuala Lumpur", "city": "Kuala Lumpur", "country": "Malaysia"},
  "WSSS": {"name": "Singapore Changi", "city": "Singapore", "country": "Singapore"},
  "VTBS": {"name": "Bangkok Suvarnabhumi", "city": "Bangkok", "country": "Thailand"},
  "RPLL": {"name": "Manila Ninoy Aquino", "city": "Manila", "country": "Philippines"},
  "LFPB": {"name": "Paris Beauvais-Tillé", "city": "Beauvais", "country": "France"}
}
